"Scenario","Estimator","Sample_Estimate","Bootstrap_Average","Bootstrap_Bias","Bootstrap_Variance","Bootstrap_SE","CI_Lower","CI_Upper","CI_Width","Squared_Error_to_Target"
"Clean","Mean",3.90579248793639,3.89577264052675,-0.0100198474096356,0.122840313834348,0.350485825439985,3.22483951101018,4.59410202039298,1.3692625093828,0.00887505532921583
"Clean","Median",3.85253347676628,3.78430826389412,-0.0682252128721634,0.278772552183907,0.527989159153772,2.88368321869371,4.76058527765142,1.8769020589577,0.021746375474641
"Contaminated","Mean",5.56348601433065,5.56945139907956,0.00596538474891162,0.494590089448387,0.703270992895617,4.25589734253714,7.00595074466232,2.75005340212518,2.44448851700754
"Contaminated","Median",5.19501023805605,5.10206970987339,-0.0929405281826599,0.396037736258783,0.629315291613658,3.64010276913336,6.26856912921487,2.62846636008151,1.42804946905877
