"Sample_Size","Requested_Contamination","Realized_Contamination","Number_Clean","Number_Outliers","Monte_Carlo_Repetitions","Average_Mean_Estimate","Average_Median_Estimate","Bias_Mean","Bias_Median","Variance_Mean","Variance_Median","MSE_Mean","MSE_Median","Relative_Efficiency","Best_by_Variance","Best_by_MSE"
30,0,0,30,0,1000,4.00180137516037,4.00333720162401,0.00180137516036982,0.00333720162400919,0.133173042106752,0.186654565916266,0.133043114017114,0.186479048265029,1.40159421879574,"Mean","Mean"
30,0.05,0.0666666666666667,28,2,1000,4.71779030443826,4.16415342372813,0.71779030443826,0.164153423728129,0.130775560576845,0.20258647264468,0.645867706161839,0.229330232693702,1.54911568913244,"Mean","Median"
30,0.1,0.1,27,3,1000,5.10658018726996,4.27338391946887,1.10658018726996,0.273383919468871,0.130124835629457,0.224899990065997,1.35451442165226,0.299413857500093,1.72834024326011,"Mean","Median"
30,0.15,0.166666666666667,25,5,1000,5.83975414972735,4.49420837433582,1.83975414972735,0.49420837433582,0.142773204509935,0.255498497311151,3.52732576274442,0.499484916077494,1.78954095895054,"Mean","Median"
30,0.2,0.2,24,6,1000,6.21050270075246,4.63397248539101,2.21050270075246,0.633972485391012,0.122390723564835,0.236526597814244,5.00859052287521,0.638211183449286,1.93255330898463,"Mean","Median"
